<?xml version="1.0" encoding="UTF-8"?>
<project-private xmlns="http://www.netbeans.org/ns/project-private/1">
    <editor-bookmarks xmlns="http://www.netbeans.org/ns/editor-bookmarks/2" lastBookmarkId="0"/>
    <open-files xmlns="http://www.netbeans.org/ns/projectui-open-files/2">
        <group>
            <file>file:/C:/Users/Usuario/Desktop/uf/P2Obligatorio1-master/src/obligatorio1/Partida.java</file>
            <file>file:/C:/Users/Usuario/Desktop/uf/P2Obligatorio1-master/src/obligatorio1/Sistema.java</file>
            <file>file:/C:/Users/Usuario/Desktop/uf/P2Obligatorio1-master/src/obligatorio1/Color.java</file>
            <file>file:/C:/Users/Usuario/Desktop/uf/P2Obligatorio1-master/src/obligatorio1/Jugador.java</file>
            <file>file:/C:/Users/Usuario/Desktop/uf/P2Obligatorio1-master/src/obligatorio1/Obligatorio1.java</file>
            <file>file:/C:/Users/Usuario/Desktop/uf/P2Obligatorio1-master/src/obligatorio1/Tateti.java</file>
        </group>
    </open-files>
</project-private>
